{"final_posts_collected":13,"errors":0,"final_rate_posts_per_sec":0.04415840026195804,"posts_collected":13,"final_elapsed_time_minutes":4.90657871166865,"elapsed_time_minutes":3.5612194220225017,"rate_posts_per_sec":0.060840583235844674,"avg_likes_per_post":20,"_timestamp":1.763090573637644e+09,"_wandb":{"runtime":296},"total_comments":6458,"final_errors":0,"final_total_comments":6458,"progress_percent":1.3,"final_total_likes":260,"_runtime":296.211534157,"total_likes":260,"avg_comments_per_post":496.7692307692308,"_step":13}