{"total_comments":584223,"final_total_comments":584223,"total_likes":18956,"_timestamp":1.7631303576440122e+09,"final_rate_posts_per_sec":0.025267379130026933,"progress_percent":100,"_runtime":39578.649255906,"final_errors":0,"posts_collected":1000,"avg_likes_per_post":18.956,"final_total_likes":18956,"errors":0,"rate_posts_per_sec":0.0252677863313054,"avg_comments_per_post":584.223,"_step":1000,"final_posts_collected":1000,"final_elapsed_time_minutes":659.6120072801908,"_wandb":{"runtime":39578},"elapsed_time_minutes":659.6013773481051}